vote,age
Conservative,56.87012987012987
Labour,53.01411100658514
